<!DOCTYPE hibernate-configuration PUBLIC
	"-//Hibernate/Hibernate Configuration DTD 3.0//EN"
	"http://hibernate.sourceforge.net/hibernate-configuration-3.0.dtd">

<hibernate-configuration>
	<session-factory>

		<property name="hibernate.connection.driver_class">com.mysql.jdbc.Driver</property>
		<property name="hibernate.connection.url">jdbc:mysql://localhost:3306/springdb?useSSL=false</property>
		<property name="hibernate.connection.username">root</property>
		<property name="hibernate.connection.password">root</property>
		<property name="hibernate.dialect">org.hibernate.dialect.MySQL5Dialect</property>
		<property name="hibernate.c3p0.min_size">4</property>
		<property name="hibernate.c3p0.max_size">20</property>
		<property name="hibernate.c3p0.timeout">60</property>
		<property name="hibernate.c3p0.statements">10</property>
		<property name="show_sql">true</property>
		<property name="hibernate.hbm2ddl.auto">update</property>


		<mapping class="com.demo.hibernate.Student" />
		<mapping class="com.demo.hibernate.Course" />
	</session-factory>
</hibernate-configuration>